VehicleId,LoadCap,FuelCap,RouteSeq,Municipalities,Demand,InitLoad,InitFuel,RefuelStops,RefuelAmounts,TollsVisited,TollCosts,VehicleWeights,Distance,Time,FuelCost,TollCost,TotalCost
V001,80.0,191.11111111111111,CD01-E008-P009-P001-E012-CD01-P011-P010-C001-E011-E003-E010,1,16,175.2,191.11111111111111,0,0,4,14000.0-25000.0-0.0-15000.0,0.0,5491.6,5134.15,0.0,54000.0,25616300.85
V002,60.0,167.77777777777777,CD01-P008-CD01-C006-E011-P003-P006-C003-E006-E004-C005-P012-P007-C009-P009,4,17-16-15-11,175.2,167.77777777777777,0,0,6,0.0-20000.0-23000.0-8000.0-16000.0-14000.0,0.0-35.0-0.0-40.0,7221.98,6011.77,0.0,81000.0,33561689.6
V003,50.0,144.44444444444446,CD01-P007-P014-CD01-P012-C007-C012-E011,2,17-7,175.2,144.44444444444446,0,0,3,16000.0-12000.0-8000.0,25.0-50.0,2247.13,1867.99,0.0,36000.0,10508297.95
V004,40.0,166.66666666666666,CD01-P011-CD01-E005-P002-P006-E006-C002-C004-P014-E009-P004,2,18-18,175.2,166.66666666666666,0,0,5,0.0-22000.0-23000.0-12000.0-18000.0,0.0-0.0,6622.66,5432.1,0.0,75000.0,30771796.45
V005,30.0,96.66666666666667,CD01-E010-P008-P001-CD01-P004-C011-C014-C008-E009-C013,4,5-10-10-5,175.2,96.66666666666667,0,0,3,0.0-25000.0-18000.0,10.0-0.0-50.0-10.0,6623.5,5407.73,0.0,43000.0,30739905.45
V006,10.0,133.33333333333334,CD01-C010-P012-CD01,1,9,175.2,133.33333333333334,0,0,1,8000.0,38.0,1818.52,1473.27,0.0,8000.0,8492338.3
